Title,Acronym,Rank,FoR1,FoR1 Name,FoR2,FoR2 Name,Type,Submission Deadline
ACM Conference on Hypertext and Hypermedia,Hypertext,A,0805,Distributed Computing,,,ACM,2025.02.28
ACM International Conference on Emerging Networking Experiments and Technologies,CoNEXT,A,0805,Distributed Computing,,,ACM,
ACM International Conference on Supercomputing,ICS,A,0805,Distributed Computing,,,ACM,2025.01.16
ACM International Conference on Web Search and Data Mining,WSDM,B,0804,Data Format,0805,Distributed Computing,ACM,2025.08.14
ACM International Symposium on High Performance Distributed Computing,HPDC,A,0805,Distributed Computing,,,ACM,2025.02.06
ACM Symposium on Principles of Distributed Computing,PODC,A,0805,Distributed Computing,,,ACM,2025.02.08
ACM/IEEE Supercomputing Conference,SC,A,0805,Distributed Computing,,,ACM,2025.04.14
ACM/IEEE/SCS Workshop on Parallel and Distributed Simulation,PADS,B,0805,Distributed Computing,,,ACM,
Advanced Research in VLSI,ARVLSI,C,0805,Distributed Computing,,,ACM,
IEEE International Conference on Autonomic Computing,ICAC,B,0805,Distributed Computing,,,IEEE,2025.02.2025
IEEE International Conference on Cluster Computing,CLUSTER,A,0805,Distributed Computing,,,IEEE,2025.04.25
IEEE International Conference on Distributed Computing in Sensor Systems,DCOSS,B,0805,Distributed Computing,,,IEEE,2025.01.20
IEEE International Conference on e-Science and Grid Computing,e-Science,A,0805,Distributed Computing,,,IEEE,
IEEE International Conference on High Performance Computing and Communications,HPCC,B,0805,Distributed Computing,,,IEEE,2025.04.30
IEEE International Conference on High Performance Computing and Simulation,HPCS,B,0805,Distributed Computing,,,IEEE,
IEEE International Conference on Parallel Processing Workshops,WoPP,C,0805,Distributed Computing,,,IEEE,
IEEE International Conference on Peer to Peer Computing,P2P,C,0806,Information Systems,,,IEEE,
IEEE International Conference on Pervasive Computing and Communications,PERCOM,A,0805,Distributed Computing,,,IEEE,2024.12.1
IEEE International Conference on Wireless Information Technology and Systems,ICWITS,B,0805,Distributed Computing,,,IEEE
IEEE International Parallel and Distributed Processing Symposium,IPDPS,A,0805,Distributed Computing,,,IEEE
IEEE International Performance Computing and Communications Conference,IPCCC,B,0805,Distributed Computing,,,IEEE
"IEEE International Symposium on Cluster, Cloud and Grid Computing",CCGRID,A,0805,Distributed Computing,,,IEEE
IEEE International Symposium on Distributed Simulation and Real-time Applications,IEEE DS-RT,B,0805,Distributed Computing,0806,Information Systems,IEEE
IEEE International Symposium on Network Computing and Applications,IEEE NCA,A,0805,Distributed Computing,,,IEEE
IEEE International Symposium on Object-Oriented Real-Time Distributed Computing,ISORC,C,0805,Distributed Computing,,,IEEE
IEEE International Symposium on Parallel and Distributed Processing with Applications,ISPA,B,0805,Distributed Computing,,,IEEE
IEEE International Workshop on Future Trends of Distributed Computing Systems,FTDCS,C,0805,Distributed Computing,,,IEEE
IEEE International Workshop on Quality of Service,IWQoS,B,0805,Distributed Computing,,,IEEE
IFIP International Conference on Distributed Applications and Inoperable Systems,DAIS,B,0805,Distributed Computing,,,IFIP
IFIP International Conference on Open Distributed Processing,ODP,B,0805,Distributed Computing,,,IFIP
IFIP/IEEE International Workshop on Distributed Systems Operations and Management,DSOM,B,0805,Distributed Computing,,,IFIP
IFIP International Conference on Network and Parallel Computing,NPC,C,0805,Distributed Computing,,,IFIP
Application of Concurrency to System Design,ACSD,B,0805,Distributed Computing,,,OTHER
Australasian Conference on Parallel and Real-Time Systems,APRTS,C,0805,Distributed Computing,,,OTHER
Australasian Symposium on Grid Computing and e-Research,AusGrid,C,0805,Distributed Computing,,,OTHER
Australasian Symposium on Parallel and Distributed Computing,AusPDC,C,0805,Distributed Computing,,,OTHER
ChinaGrid Annual Conference,ChinaGrid,C,0805,Distributed Computing,,,OTHER
Challenges of Large Applications in Distributed Environments,CLADE,C,0805,Distributed Computing,,,OTHER
Conference on Algorithms and Hardware for Parallel Processing,CONPAR,C,0805,Distributed Computing,,,OTHER
European Conference on Universal Multiservice Networks,ECUMN,C,0805,Distributed Computing,,,OTHER
European PVM/MPI Users' Group Conference,EuroPVM/MPI,C,0805,Distributed Computing,,,OTHER
Enabling Grids for E-Science European Conference,EGEE,C,0805,Distributed Computing,,,OTHER
International Conference on Algorithms and Architectures for Parallel Processing,ICA3PP,B,0805,Distributed Computing,,,OTHER
International Conference on Advanced Computing and Communications,AdCom,B,0805,Distributed Computing,,,OTHER
International Conference on Advanced Information Networking and Applications,AINA,B,0805,Distributed Computing,,,OTHER
International Conference on Advances in Mobile Computing and Multimedia,MOMM,B,0805,Distributed Computing,1203,Design Practice and Management,OTHER
International Conference on Communications in Computing,CIC,C,0805,Distributed Computing,,,OTHER
International Conference on Cooperative Information Systems,CoopIS,A,0806,Information Systems,,,OTHER
